"","indices"
"1",1
"2",5
"3",7
"4",13
"5",17
"6",19
"7",22
"8",33
"9",34
"10",52
"11",71
"12",74
"13",84
"14",95
"15",96
"16",105
"17",107
"18",111
"19",112
"20",118
"21",130
"22",140
"23",143
"24",144
"25",152
"26",160
"27",177
"28",183
"29",186
"30",202
"31",215
"32",237
"33",242
"34",249
"35",271
"36",272
"37",283
"38",285
"39",306
"40",329
"41",343
"42",345
"43",349
"44",366
"45",369
"46",387
"47",398
"48",400
"49",402
"50",410
"51",418
"52",430
"53",431
"54",437
"55",445
"56",455
"57",462
"58",465
"59",468
"60",470
"61",477
"62",482
"63",485
"64",487
"65",493
"66",507
"67",508
"68",527
"69",531
"70",532
"71",536
"72",537
"73",545
"74",549
"75",564
"76",569
"77",574
"78",577
"79",581
"80",597
"81",611
"82",616
"83",618
"84",633
"85",641
"86",647
"87",663
"88",664
"89",682
"90",688
"91",702
"92",706
"93",709
"94",710
"95",719
"96",722
"97",723
"98",737
"99",743
"100",745
"101",747
"102",750
"103",751
"104",757
"105",806
"106",834
"107",837
"108",841
"109",854
"110",858
"111",865
"112",868
"113",871
"114",880
"115",889
"116",893
"117",899
"118",906
"119",908
"120",924
"121",927
"122",939
"123",942
"124",944
"125",945
"126",946
"127",948
"128",952
"129",958
"130",979
"131",983
"132",984
"133",1001
"134",1006
"135",1013
"136",1022
"137",1027
"138",1044
"139",1047
"140",1048
"141",1053
"142",1059
"143",1063
"144",1065
"145",1075
"146",1087
"147",1092
"148",1093
"149",1094
"150",1103
"151",1104
"152",1116
"153",1120
"154",1125
"155",1126
"156",1129
"157",1130
"158",1131
"159",1140
"160",1143
"161",1150
"162",1151
"163",1155
"164",1156
"165",1163
"166",1181
"167",1185
"168",1188
"169",1189
"170",1193
"171",1197
"172",1217
"173",1238
"174",1264
"175",1276
"176",1277
"177",1305
"178",1306
"179",1333
"180",1347
"181",1348
"182",1349
"183",1352
"184",1353
"185",1357
"186",1365
"187",1382
"188",1387
"189",1401
"190",1405
"191",1413
"192",1423
"193",1430
"194",1445
"195",1453
"196",1458
"197",1474
"198",1482
"199",1504
